Quarter,Gross domestic product,Personal consumption expenditures total,Personal consumption expenditures/Goods,Personal consumption expenditures/Goods/Durable goods,Personal consumption expenditures/Goods/Nondurable goods,Personal consumption expenditures/Services,Gross private domestic investment,Gross private domestic investment/Fixed investment,Gross private domestic investment/Fixed investment/Nonresidential,Gross private domestic investment/Fixed investment/Nonresidential/Structures,Gross private domestic investment/Fixed investment/Nonresidential/Equipment,Gross private domestic investment/Fixed investment/Nonresidential/Intellectual property products,Gross private domestic investment/Fixed investment/Residential,Gross private domestic investment/Change in private inventories,Net exports of goods and services,Net exports of goods and services/Exports,Net exports of goods and services/Exports/Goods,Net exports of goods and services/Exports/Services,Net exports of goods and services/Imports,Net exports of goods and services/Imports/Goods,Net exports of goods and services/Imports/Services,Government consumption expenditures and gross investment,Government consumption expenditures and gross investment/Federal,Government consumption expenditures and gross investment/Federal/National defense,Government consumption expenditures and gross investment/Federal/Nondefense,Government consumption expenditures and gross investment/State and local
<<<<<<< HEAD
=======
1947Q1,243.2,156.2,95.6,20.7,74.9,60.6,35.9,35.4,24.8,7.9,14.9,2,10.5,0.5,10.9,18.4,15.7,2.7,7.5,5.6,1.9,40.3,27,22.8,4.2,13.3
1947Q2,246,160,98.2,21.4,76.9,61.8,34.5,35.7,25.2,7.9,15.2,2,10.6,-1.2,11.3,19.5,16.7,2.8,8.2,6.3,1.9,40.1,26.4,21.1,5.3,13.7
1947Q3,249.6,163.5,100.4,21.8,78.6,63.1,34.9,37.8,25.4,8.3,15,2,12.5,-2.9,11.8,19.4,16.8,2.6,7.7,5.8,1.8,39.4,25,20,5.1,14.3
1947Q4,259.7,167.7,103.5,23.5,80,64.2,43.3,41.8,26.5,8.4,16.1,2,15.3,1.5,9.3,17.6,15.1,2.5,8.3,6.2,2.2,39.5,24.5,20.4,4.1,15
1948Q1,265.7,170.4,105.1,23.5,81.5,65.3,47.2,43.6,28.2,8.8,17.3,2.1,15.3,3.6,7.3,16.9,14.6,2.3,9.6,7.3,2.3,40.9,25.4,20.7,4.7,15.5
1948Q2,272.6,174.1,107.2,24,83.2,67,50.3,44.5,28.1,9.3,16.7,2.1,16.4,5.9,5.2,15.2,13,2.2,10,7.6,2.4,42.9,26.6,20.6,6,16.3
1948Q3,279.2,177.1,108.7,25.3,83.5,68.3,52.5,45.4,29.1,9.9,17.1,2.1,16.3,7.2,4.9,15.4,13.1,2.3,10.5,7.7,2.7,44.7,27.5,20.7,6.8,17.2
1948Q4,280.4,177.9,108.7,25,83.7,69.3,51.3,45.3,30.2,10.1,18,2.1,15.2,6,4.5,14.6,12.4,2.3,10.1,7.5,2.6,46.6,28.7,21.6,7.2,17.9
1949Q1,275,176.8,107.2,24.4,82.7,69.7,43.1,42.8,28.6,9.7,16.8,2,14.2,0.4,6.5,16.1,13.7,2.4,9.6,7.2,2.4,48.6,30.2,22.5,7.7,18.4
1949Q2,271.4,178.4,108.3,26.4,81.9,70.2,36.2,41.4,27.5,9.4,16.1,2,13.9,-5.1,6.3,15.6,13.2,2.5,9.4,6.9,2.5,50.4,31.2,22.8,8.5,19.1
1949Q3,272.9,177.8,107.6,27.3,80.3,70.2,39.5,40.9,26.1,8.9,15.2,2,14.7,-1.3,5.2,14.1,11.9,2.2,8.9,6.6,2.3,50.4,30.5,22.5,7.9,19.9
1949Q4,270.6,180.2,109.3,28.4,80.9,70.9,37.5,42.2,25.6,8.7,14.8,2.1,16.5,-4.7,3,12.1,10.1,2,9.1,6.9,2.2,49.9,29.8,21.6,8.2,20.1
1950Q1,280.8,182.9,110.8,29.3,81.5,72.1,46.7,44.7,26.4,9.1,15.1,2.2,18.3,2,2.2,11.7,9.6,2.1,9.5,7.2,2.3,49,28.5,20.9,7.7,20.4
1950Q2,290.4,186.8,112.6,29.8,82.8,74.2,52.3,49.5,28.9,9.5,17.1,2.2,20.6,2.8,1.6,11.9,9.8,2.1,10.2,7.8,2.4,49.6,28.9,21,8,20.7
1950Q3,308.2,200.5,124,37.4,86.6,76.5,58.6,54.5,31.9,10.3,19.3,2.3,22.6,4.2,-0.7,12.3,10.2,2.1,13,10.5,2.6,49.7,28.4,22.7,5.7,21.3
1950Q4,319.9,197.9,119.9,33.3,86.7,78,68.4,54.4,32.9,11,19.6,2.3,21.5,14,-0.2,13.5,11.3,2.3,13.7,10.9,2.8,53.7,31.8,26.1,5.7,21.9
1951Q1,336,209.2,127.6,35.6,92,81.6,64.6,54.2,33.1,11.5,19.4,2.3,21.1,10.4,0.2,15,12.5,2.5,14.9,11.8,3.1,62,39.6,33.5,6,22.5
1951Q2,344.1,204.9,122.2,30.7,91.4,82.8,67.4,52.6,34.1,12.2,19.7,2.3,18.5,14.8,1.9,17.1,14.3,2.8,15.2,12,3.1,69.8,46.6,40.3,6.3,23.2
1951Q3,351.4,207.6,123.4,30.2,93.2,84.3,62,52.2,34.8,12.3,20.2,2.4,17.4,9.7,3.7,18.1,15.1,3,14.3,10.8,3.5,78,54.3,48.1,6.2,23.7
1951Q4,356.2,211.6,125.8,30.4,95.5,85.7,57.1,52.4,34.6,11.9,20.2,2.5,17.7,4.7,4.2,18.2,15.1,3.1,14,10.1,3.9,83.3,59.3,52.9,6.4,24
1952Q1,359.8,213,125.5,30.8,94.8,87.4,58.1,53.4,35.1,12,20.4,2.7,18.3,4.7,3.7,18.7,15.4,3.3,15,10.7,4.3,85,60.9,53.5,7.4,24.1
1952Q2,361,217.1,127.6,31,96.6,89.5,53,54.5,35.8,12.1,20.8,2.9,18.8,-1.5,2,16.6,13.4,3.1,14.6,10.6,4,89,64.1,57,7.1,24.9
1952Q3,367.7,219.6,127.9,29.5,98.5,91.6,57.2,51.6,32.9,12.2,17.7,3.1,18.8,5.6,0,15.2,12.4,2.8,15.3,10.8,4.5,90.9,66.2,58.7,7.5,24.8
1952Q4,380.8,227.7,134.1,33.7,100.3,93.6,60.7,55.5,35.8,12.6,19.9,3.3,19.6,5.3,-1,15.3,12.5,2.8,16.3,11.3,5.1,93.4,68.1,60.5,7.6,25.3
1953Q1,388,231.2,135.7,35.2,100.5,95.5,61.7,57.8,37.8,13.1,21.2,3.5,20,3.9,-0.7,15.1,12.1,3,15.8,11,4.8,95.8,69.7,61.3,8.4,26.1
1953Q2,391.7,233,135.6,35,100.6,97.4,62.1,58.5,38.5,13.5,21.3,3.7,20.1,3.6,-1.3,15.2,12.3,2.9,16.4,11.5,4.9,97.9,72,62,10,26
1953Q3,391.2,233.7,134.4,34.6,99.8,99.2,61.4,59.1,39.6,13.7,22.1,3.7,19.5,2.3,-0.6,15.8,12.9,2.9,16.3,11.2,5.2,96.6,70,61,9,26.7
1953Q4,386,233.1,133.6,33.7,100,99.5,56.4,58.5,39.2,14,21.4,3.8,19.3,-2,-0.3,15.2,12.3,2.8,15.5,10.2,5.3,96.7,69.5,60.3,9.2,27.2
1954Q1,385.3,235.2,134.2,32.9,101.3,101,55.7,57.7,38.3,13.9,20.6,3.8,19.4,-2,-0.4,14.4,11.6,2.8,14.8,10,4.8,94.8,66.7,57.3,9.4,28.1
1954Q2,386.1,237.9,135,33.6,101.3,102.9,55.4,58.8,38.2,13.9,20.4,3.9,20.7,-3.4,0.3,16.4,13.6,2.8,16.2,11,5.1,92.5,63.7,55.2,8.5,28.8
1954Q3,391,240.3,135.4,33.2,102.2,104.9,59,61.1,38.9,13.9,21.1,3.9,22.2,-2.1,0.6,15.9,12.9,3,15.3,10.2,5.1,91.1,61.4,53.2,8.1,29.8
1954Q4,399.7,245.1,138.5,35.1,103.4,106.6,62.1,62.5,38.9,13.8,21.1,4,23.6,-0.3,1.1,16.6,13.6,3,15.5,10.2,5.3,91.4,61.2,52,9.2,30.1
1955Q1,413.1,251.4,142.9,38.4,104.5,108.5,68.7,64.9,39.5,14.3,21.1,4.1,25.4,3.8,1.1,17.3,14.2,3.1,16.2,11.1,5.1,91.9,60.7,52.4,8.4,31.1
1955Q2,421.5,256.5,146.8,40.7,106.1,109.6,72.7,68.1,42.1,14.7,23.1,4.2,26,4.6,-0.2,16.9,13.8,3.1,17.1,11.2,5.9,92.5,60.8,51.9,9,31.7
1955Q3,430.2,260.7,149.4,42.4,106.9,111.3,74.7,70.5,44.8,15.4,25,4.4,25.6,4.3,0.7,18.1,14.8,3.4,17.4,11.3,6.1,94.1,61.9,53.1,8.8,32.2
1955Q4,437.1,264.6,150.5,41.4,109,114.2,78.9,71.7,47.1,16.2,26.3,4.6,24.6,7.2,0.2,18.3,14.9,3.4,18.1,12.5,5.6,93.3,60.6,52.2,8.4,32.8
1956Q1,439.7,266.2,150.2,39.7,110.5,115.9,78.3,71.9,47.8,17.4,25.4,4.9,24.1,6.4,0.4,19.4,15.9,3.5,18.9,13,5.9,94.8,61,52.8,8.2,33.9
1956Q2,446,268.8,151.1,39.8,111.3,117.7,77,73.4,49.1,18,25.9,5.2,24.4,3.6,1.9,20.9,17.2,3.7,19,12.7,6.3,98.2,63.5,54.9,8.6,34.7
1956Q3,451.2,272.1,152.1,39.7,112.4,120,78.3,74.7,50.7,18.6,26.8,5.3,24,3.6,2.6,21.8,18.1,3.8,19.3,12.6,6.6,98.3,62.8,55.1,7.7,35.5
1956Q4,460.5,277.4,155.2,41.5,113.7,122.3,77.1,74.9,51.4,18.7,27.2,5.5,23.5,2.2,4.5,23.1,19.1,4,18.5,12.9,5.7,101.3,65.2,57,8.1,36.2
1957Q1,469.8,281.9,158,42.6,115.4,123.9,77.7,75.6,52.5,18.8,28.2,5.5,23.1,2.2,4.8,24.9,20.6,4.3,20.1,13.2,6.9,105.3,67.9,58.8,9.1,37.5
1957Q2,472,284.2,158.6,42.2,116.5,125.5,77.9,75.3,52.6,19,28.1,5.5,22.6,2.7,4.1,24.4,20.1,4.3,20.3,13.4,6.9,105.8,67.5,59.6,7.9,38.3
1957Q3,479.5,288.8,161.2,41.9,119.4,127.5,79.3,76.5,54.1,19.1,29.3,5.6,22.5,2.8,4,23.8,19.4,4.3,19.8,13.1,6.7,107.4,68.4,60.7,7.7,39.1
1957Q4,474.9,290.4,160.5,41.5,119.1,129.9,71,75.6,53.2,18.9,28.6,5.7,22.3,-4.5,3.4,23,18.1,4.9,19.6,13.5,6.1,110.1,70,60.6,9.4,40
1958Q1,467.5,289.9,159.3,39.4,119.9,130.6,66.7,70.7,49.4,18.1,25.5,5.8,21.4,-4,1.1,20.5,16.6,4,19.5,12.6,6.9,109.8,68.7,60.8,7.9,41.1
1958Q2,472,292.8,159.8,38.6,121.2,133,65.1,69.3,47.8,17.6,24.4,5.9,21.5,-4.2,0.5,20.5,16.3,4.2,20.1,12.7,7.4,113.6,71.5,62,9.6,42.1
1958Q3,485.8,297.9,162.4,39.4,123,135.5,72,70.5,47.4,17.3,24.1,6,23,1.5,0.9,20.6,16.4,4.1,19.7,12.8,7,115.1,71.9,62.6,9.3,43.2
1958Q4,499.6,301.8,164.8,40.7,124.1,137,80,74.8,49.3,17.6,25.5,6.3,25.4,5.2,-0.3,20.6,16.3,4.2,20.8,13.8,7,118,73.9,63.4,10.5,44.1
1959Q1,510.3,309.4,169.7,43.6,126.1,139.7,83.2,79.3,50.9,17.4,27.1,6.5,28.3,3.9,0.5,21.9,15.6,6.4,21.4,14.5,6.9,117.2,72.4,61.1,11.2,44.8
1959Q2,522.7,315.5,172.6,45.5,127.2,142.9,89.4,82.1,52.7,18,28.1,6.6,29.4,7.3,-0.8,21.8,15.9,5.9,22.5,15.5,7,118.5,73.6,60.3,13.3,45
1959Q3,525,320.7,174.5,46.3,128.2,146.2,83.6,83.2,54.4,18.6,29.1,6.7,28.8,0.4,1.2,24.1,17.5,6.6,22.9,15.8,7.1,119.5,74.5,61.4,13.1,45
1959Q4,528.6,322.8,173.6,44.1,129.5,149.3,86.5,82.4,54.4,18.5,29.1,6.8,28,4.1,0.6,23.1,16.9,6.3,22.5,15.4,7.1,118.6,73.8,61,12.9,44.8
1960Q1,542.6,326.4,175.1,45.5,129.6,151.3,96.5,85.3,56.3,19.4,30.1,6.9,29,11.2,2.9,26.1,19.5,6.6,23.3,15.7,7.6,117,71,60,11,46
1960Q2,541.1,332.2,178.4,46.4,132,153.8,87.1,83.9,57.2,19.5,30.7,7,26.7,3.2,3.4,26.9,20.5,6.4,23.5,15.9,7.6,118.4,71.1,59.5,11.5,47.3
1960Q3,545.6,332.1,177.5,45.9,131.6,154.6,86.4,82.1,56.2,19.4,29.5,7.3,25.9,4.3,4.7,27.6,20.9,6.6,22.9,15.1,7.8,122.4,74.2,62,12.2,48.3
1960Q4,540.2,334,177.1,44.7,132.4,156.9,76,81.8,55.9,20,28.4,7.5,25.9,-5.8,5.9,27.6,20.9,6.7,21.7,14.2,7.5,124.3,75.3,62.1,13.2,49
1961Q1,545,334.5,175.6,42.2,133.4,158.9,78.4,80.9,55,19.9,27.4,7.7,25.9,-2.5,5.9,27.6,21.2,6.4,21.7,14.1,7.6,126.2,75.3,63.4,11.9,50.9
1961Q2,555.5,339.5,177.6,43.3,134.2,161.9,84.1,82.3,56.2,19.6,28.6,7.9,26.1,1.8,4.7,26.6,20.1,6.6,21.9,14.3,7.6,127.3,76.2,63.4,12.8,51.1
1961Q3,567.7,342.3,179.2,44.6,134.6,163.2,90.9,84.3,56.7,19.7,28.9,8.1,27.6,6.7,4.5,27.8,21,6.8,23.3,15.8,7.6,130,78.1,65,13.2,51.8
1961Q4,580.6,349.6,182.9,46.7,136.2,166.7,92.9,86.9,58.5,19.6,30.6,8.2,28.5,6,4.6,28.4,21.5,6.9,23.9,16.1,7.7,133.5,79.9,66.5,13.5,53.6
1962Q1,594,354.8,185.5,47.7,137.8,169.3,98.1,88.7,59.7,20,31.4,8.2,29,9.4,4,28.3,21.2,7.1,24.3,16.4,7.9,137.1,83.3,69.2,14.2,53.8
1962Q2,600.4,360.5,187.8,49,138.7,172.7,96.7,91.3,61.4,20.8,32.2,8.3,29.9,5.4,4.8,29.7,22.3,7.4,24.9,16.9,8,138.4,84.1,68.9,15.2,54.3
1962Q3,609,364.3,189.5,49.6,140,174.8,98.2,92,62.1,21.4,32.3,8.4,29.9,6.2,4.5,29.6,22.3,7.3,25.1,17.1,8,142.1,87,70.4,16.6,55
1962Q4,612.3,370.6,193,51.5,141.5,177.6,95,91.6,61.8,20.9,32.3,8.6,29.8,3.4,3.1,28.7,21.1,7.6,25.6,17,8.5,143.6,87.6,70.3,17.3,56
1963Q1,621.7,374.3,195,52.6,142.5,179.2,99.7,92.8,62,20.2,32.9,8.9,30.8,6.9,4,29.2,21.3,7.9,25.2,16.9,8.3,143.7,86.2,69.4,16.8,57.5
1963Q2,629.8,378.4,196.7,53.9,142.8,181.7,101.7,96.8,63.9,21.2,33.5,9.2,32.9,4.8,5.6,31.4,23.4,8,25.9,17.6,8.3,144.1,85.8,68.9,16.9,58.4
1963Q3,644.4,385.4,199.9,54.7,145.2,185.5,104.6,98.9,65.7,21.4,34.9,9.4,33.2,5.7,4.5,31.2,23.8,7.5,26.7,18.2,8.6,149.9,89.9,70.8,19,60.1
1963Q4,653.9,390,201,55.7,145.3,189,107.2,102.1,67.7,21.9,36.2,9.5,34.5,5.1,5.7,32.5,24.9,7.6,26.8,18.2,8.5,151,89.7,70.9,18.8,61.3
1964Q1,669.8,399.6,206.6,58,148.7,192.9,110.5,105.4,69.1,22.4,37.1,9.5,36.2,5.1,7.2,34.2,26.1,8,27,18.3,8.6,152.6,90.1,70.4,19.7,62.5
1964Q2,678.7,407.5,210.9,59.5,151.5,196.6,110.5,106.1,71.1,23.5,37.9,9.7,35,4.5,6.3,34,26,8,27.7,19.1,8.6,154.3,90.1,69.4,20.8,64.2
1964Q3,692,416.4,216.3,61.4,154.9,200.2,112.6,107.9,73.4,24.3,39.3,9.9,34.5,4.7,6.9,35.4,27,8.4,28.4,19.7,8.7,156,90.8,70.2,20.7,65.2
1964Q4,697.3,419,215.2,59.4,155.8,203.8,115,110,75.3,24.8,40.4,10.1,34.6,5,7.2,36.5,27.9,8.6,29.3,20.4,8.9,156.2,90,69,21,66.2
1965Q1,717.8,429.7,222.7,64.9,157.8,207,126.5,115,80.2,26.1,43.5,10.5,34.8,11.5,4.5,33,24.5,8.5,28.5,19.6,8.9,157,89.5,68,21.5,67.5
1965Q2,730.2,436.6,225.6,64.8,160.8,211.1,127.1,118.5,83.4,28.2,44.3,10.9,35.1,8.6,6.7,38.4,29,9.4,31.7,22.4,9.2,159.8,90.1,68.2,22,69.7
1965Q3,749.3,445.8,230.8,66.7,164.1,215,131.2,121.9,86.7,28.5,46.8,11.3,35.3,9.3,5.5,37.6,28.1,9.4,32,22.8,9.2,166.8,94.5,71.2,23.3,72.3
1965Q4,771.9,459.7,239.7,69.1,170.5,220.1,133.8,126.2,90.6,30.4,48.5,11.7,35.5,7.6,5.8,39.7,30.3,9.4,33.9,24.2,9.8,172.6,98.7,75,23.7,73.9
1966Q1,795.7,470.1,246.4,72.3,174.1,223.7,144.2,130.3,94.4,31.1,51.1,12.2,35.9,13.9,4.4,39.4,30.7,8.7,35,24.9,10.1,177,101.2,77.5,23.7,75.8
1966Q2,805,475.2,247,69.7,177.2,228.2,143.5,131.2,96.8,31.2,53,12.6,34.4,12.3,4.6,40.9,30.4,10.4,36.2,25.6,10.6,181.7,104,79.1,24.9,77.6
1966Q3,819.6,484.3,252.1,72.3,179.8,232.2,143.2,131.3,98.3,31.9,53.4,13,33,11.9,2.7,40.9,31,9.9,38.2,27.2,11,189.5,109.9,85.6,24.3,79.5
1966Q4,833.3,490.1,253,72.6,180.4,237,145.9,129.4,99.2,31.2,54.6,13.4,30.2,16.5,3.8,42.6,32.3,10.3,38.8,27.7,11.1,193.6,111.2,87.7,23.5,82.5
1967Q1,844.2,494.3,253.5,71.1,182.4,240.8,142.8,127.4,98,31.7,52.7,13.6,29.4,15.4,4.5,43.9,32.9,11,39.4,27.7,11.7,202.6,117.9,92.2,25.7,84.7
1967Q2,849,503.5,258.5,74.5,184,245,137.5,131.2,98.3,30.9,53.6,13.8,32.9,6.3,4.2,43.2,32.6,10.6,39,26.8,12.2,203.8,117.9,93.5,24.4,85.9
1967Q3,865.2,510.7,260.5,74.7,185.8,250.2,142.8,133.6,98.8,31.5,53.2,14.1,34.8,9.3,3.3,42.8,32,10.9,39.5,27,12.5,208.4,121,96.7,24.3,87.4
1967Q4,881.4,518.2,263.5,75.6,187.9,254.7,147.7,139.2,101.7,32,55.3,14.5,37.5,8.4,2.2,43.9,32.7,11.2,41.7,29.5,12.1,213.3,123.2,97.7,25.5,90.1
1968Q1,909.4,536.3,274.4,80.9,193.5,261.9,152.3,143.9,105.6,33.1,57.6,14.9,38.3,8.4,1.1,45.5,34,11.5,44.4,32.1,12.3,219.7,126.4,100.5,25.9,93.3
1968Q2,934.3,550,280.9,83.1,197.8,269.2,158.9,144.9,105.3,33.2,56.7,15.4,39.6,14.1,1.7,47.2,35.4,11.8,45.4,33.2,12.3,223.6,127.2,101.5,25.6,96.5
1968Q3,950.8,566.1,290.4,87.5,202.8,275.7,155.7,148,107.6,33.2,58.6,15.8,40.4,7.7,1.7,49.9,37.1,12.8,48.2,35.4,12.8,227.4,128.5,101.5,27.1,98.8
1968Q4,968,575,292.8,87.8,205,282.1,160.8,154.8,112.2,34.8,61.2,16.2,42.6,6,0.9,49.1,36.5,12.7,48.2,35.1,13.1,231.3,129.7,102,27.8,101.6
1969Q1,993.3,587,298.8,90,208.8,288.2,172.4,160.9,116,35.8,63.7,16.5,44.9,11.5,0.2,44,32.1,12,43.8,30.8,13,233.7,129.6,101.3,28.3,104.1
1969Q2,1009,598.3,302.7,90.4,212.2,295.7,172.7,163.5,118.4,36.7,64.7,17,45.1,9.2,1.1,53.8,40.4,13.3,52.7,39.1,13.6,236.9,129.8,100.9,28.9,107.1
1969Q3,1030,608.6,306.6,90.6,216,302,177.6,167.4,122.4,38.9,66.1,17.4,45,10.2,1.2,53.6,40,13.6,52.4,38.5,13.8,242.5,133.4,103.4,29.9,109.1
1969Q4,1038.1,620.6,310.6,90.8,219.7,310,171.6,165.8,123.3,39.4,66.1,17.7,42.5,5.8,3.1,56.3,42.5,13.8,53.1,38.8,14.3,242.8,132,102.7,29.3,110.8
1970Q1,1051.2,631.7,314.1,89.6,224.5,317.6,168.1,166.3,123.8,39.5,66.4,17.9,42.5,1.8,3.5,57,43.4,13.6,53.5,39.3,14.2,247.9,133.6,102.8,30.7,114.3
1970Q2,1067.4,641.6,317.6,91,226.5,324,171.5,166.4,125,40.3,66.7,17.9,41.4,5.1,5.2,60.4,45.6,14.8,55.2,40.1,15.1,249.1,131.8,99.6,32.2,117.4
1970Q3,1086.1,653.5,321.7,92,229.7,331.8,173.9,168.8,126.3,40.6,67.7,18,42.6,5.1,4.1,60.5,45.3,15.2,56.4,41.2,15.3,254.6,132.4,99.9,32.4,122.2
1970Q4,1088.6,660.2,321.8,87.3,234.5,338.4,166.8,170.7,123.5,40.8,64.8,17.9,47.2,-4,3,60.9,45.9,15,57.9,42.8,15.1,258.7,133.5,100.5,33.1,125.2
1971Q1,1135.2,679.2,333.9,98.1,235.8,345.3,189.5,177.2,126.3,41.5,66.6,18.1,51,12.3,4.6,63.2,46.5,16.7,58.7,43.4,15.3,261.9,133.3,99.5,33.9,128.6
1971Q2,1156.3,693.2,339.8,101,238.8,353.4,197.3,186.5,129.5,42.3,68.7,18.5,57,10.9,-0.4,62.9,46.4,16.5,63.3,47.4,15.9,266.1,134.3,97.8,36.4,131.9
1971Q3,1177.7,705.6,343.9,103.4,240.4,361.7,202.1,191.9,131.2,43.1,69.3,18.8,60.7,10.2,0.2,65.7,49,16.7,65.5,49.6,15.8,269.8,135.6,97.4,38.2,134.2
1971Q4,1190.3,721.7,350.9,107.3,243.6,370.8,198.4,198.7,134.7,43.8,71.6,19.3,64,-0.3,-1.9,60,42.9,17.1,61.9,45.7,16.2,272.1,134.7,97.2,37.5,137.4
1972Q1,1230.6,738.9,357.7,110.7,247,381.2,213,209.7,140.6,45.8,74.9,19.9,69.2,3.2,-3.5,68.6,50.4,18.2,72.2,55.1,17.1,282.2,141.4,101.4,40.1,140.8
1972Q2,1266.4,757.4,368.4,114.1,254.3,389,226.8,214.8,144,46.6,76.9,20.4,70.8,12,-4.3,67.2,49.7,17.5,71.4,54.1,17.3,286.5,144.2,103.3,40.9,142.2
1972Q3,1290.6,775.8,377.7,117.6,260.1,398.1,233.1,219.4,147,47.3,78.9,20.8,72.4,13.7,-2.6,71.5,52.5,18.9,74.1,57.3,16.8,284.3,138.8,97.7,41,145.6
1972Q4,1328.9,800.5,391.5,123.4,268.1,409,239.7,232.2,155,49,84.8,21.2,77.3,7.5,-3.1,76.1,57.7,18.4,79.2,61.3,17.9,291.7,142.2,100.5,41.7,149.6
>>>>>>> 13da8278ca5dff34484f3aefded69aa10953675d
1973Q1,1377.5,825,407.3,131.8,275.5,417.7,254.3,243.8,162.8,51.3,89.8,21.7,80.9,10.6,-1.4,84,65.2,18.7,85.4,66.5,18.9,299.6,146.4,103.4,42.9,153.2
1973Q2,1413.9,840.5,412.7,131.3,281.4,427.8,268.2,250,171.3,54.1,94.9,22.3,78.7,18.2,2.5,91.9,72.6,19.4,89.5,70,19.4,302.7,146.5,103.4,43.2,156.2
1973Q3,1433.8,858.9,420.7,130.8,289.9,438.2,264.3,254.6,176.6,56.8,96.9,23,77.9,9.8,6.4,97.6,77.2,20.3,91.1,72.1,19,304.2,144.2,100.5,43.7,159.9
1973Q4,1476.3,873.9,425.9,128.2,297.7,448,280.9,255.9,180.1,57.7,98.7,23.7,75.7,25,9,107.6,88.1,19.6,98.7,78.8,19.9,312.6,147.6,103.3,44.4,165
1974Q1,1491.2,891.9,435.5,126.7,308.9,456.4,268.4,255.8,183.4,59,100,24.4,72.4,12.5,6.4,116.7,95.1,21.6,110.3,88.8,21.5,324.6,152.7,106.2,46.5,171.9
1974Q2,1530.1,920.4,448.6,130.6,318,471.8,277.4,260,188.8,61.3,102.4,25.1,71.2,17.4,-2.7,126.7,103.5,23.1,129.4,106.4,23,335,154.9,108.8,46.1,180.1
1974Q3,1560,949.3,464,136.3,327.7,485.3,271,265.4,194.5,61.4,107.1,26,70.9,5.6,-7,126.6,103.7,23,133.6,110.6,23,346.7,160.4,110.3,50.1,186.3
1974Q4,1599.7,959.1,458.1,127.1,330.9,501,281.3,260.9,197.6,63.2,107.8,26.6,63.3,20.4,0,136.6,111.7,24.9,136.6,112.3,24.3,359.2,167.4,114.2,53.1,191.9
1975Q1,1616.1,985.2,468,131.8,336.2,517.2,244.3,254.3,193.1,61.7,104.5,26.9,61.2,-10,16.5,141.4,114.9,26.4,124.9,100.9,24,370.1,168.6,115.1,53.6,201.5
1975Q2,1651.9,1013.6,481.5,136.7,344.8,532,243.3,257.2,193.3,60.4,105.6,27.3,64,-14,21.6,136.8,108.5,28.4,115.2,92.3,23,373.4,169.4,114.2,55.1,204
1975Q3,1709.8,1047.2,502.8,146.8,356,544.4,265.2,266.6,197.8,61.3,108.5,28,68.8,-1.4,12,134.1,109.8,24.3,122.1,98.8,23.3,385.4,176.1,120,56.1,209.3
1975Q4,1761.8,1076.2,513.1,153.4,359.7,563.2,276.2,275.9,202.9,62,111.8,29,73,0.3,13.8,142.5,116.8,25.8,128.7,104,24.7,395.6,180.8,122.6,58.2,214.8
1976Q1,1820.5,1109.9,530.7,163.3,367.4,579.2,304.6,289.9,209.5,64.1,115,30.4,80.4,14.7,4.7,143.6,117,26.6,138.9,113.5,25.4,401.3,181.6,122.9,58.7,219.7
1976Q2,1852.3,1129.5,539,165.9,373.1,590.6,322.3,299.9,215,65.1,118.3,31.6,84.8,22.4,-0.5,146.6,119.1,27.5,147.1,121.3,25.8,401,182.5,123.4,59.1,218.5
1976Q3,1886.6,1158.8,550.5,169.8,380.6,608.4,328.3,307.5,222.6,66.7,123.1,32.8,84.9,20.8,-4.1,151.8,122.7,29.1,155.8,128.9,26.9,403.5,184.9,125.2,59.7,218.6
1976Q4,1934.3,1192.4,565.1,175.5,389.6,627.3,337.7,327.1,230.2,67.8,128.5,33.9,96.9,10.5,-6.6,156.1,127.1,28.9,162.7,134.7,27.9,410.8,190.2,128.3,61.9,220.6
1977Q1,1988.6,1228.2,580.4,183.9,396.5,647.8,360.3,345.5,243.3,69.7,139,34.5,102.2,14.8,-21.1,155.4,126.3,29,176.4,147.6,28.8,421.2,194.2,131.6,62.6,227
1977Q2,2055.9,1256,592.9,189.2,403.7,663.1,389.7,370.2,253.7,73.6,144.6,35.5,116.5,19.5,-21.1,161.9,131.3,30.6,183,153.2,29.9,431.4,198.9,134.1,64.8,232.4
1977Q3,2118.5,1286.9,603.9,194,409.9,683,414.1,383.3,263.3,76.4,150.6,36.2,120,30.9,-20.6,162.3,130.6,31.7,182.9,153.2,29.7,438,201.9,135.3,66.6,236.1
1977Q4,2164.3,1324.8,624.3,200.7,423.6,700.5,422.3,398.2,275.9,78.5,160.4,37,122.2,24.1,-29.6,157.8,125.3,32.5,187.4,156.6,30.8,446.7,206.3,136.6,69.7,240.5
1978Q1,2202.8,1354.1,629.2,198.2,431.1,724.8,434.8,409.3,282.4,80,164.6,37.8,126.9,25.5,-38.7,164.6,129.8,34.8,203.3,170.3,32.9,452.6,208.8,138.7,70.1,243.8
1978Q2,2331.6,1411.4,661,216.2,444.8,750.4,470.6,446.3,309.4,90.3,179.7,39.4,137,24.3,-22.6,186.2,150.6,35.6,208.8,175.1,33.7,472.3,217,144.2,72.8,255.3
1978Q3,2395.1,1442.2,672.4,216.7,455.6,769.9,492.4,467.4,325.1,98.6,185.5,41.1,142.3,25,-23.8,191.3,153.6,37.7,215.1,179.4,35.7,484.2,222.1,147.3,74.8,262.2
1978Q4,2476.9,1481.4,691.7,222.3,469.4,789.7,515.8,487.3,341.4,105.5,192.8,43.2,145.8,28.5,-16.4,205.4,165.6,39.9,221.8,184.8,37.1,496.2,227.8,150.5,77.3,268.4
1979Q1,2526.6,1517.1,707.9,223.3,484.6,809.3,525.8,502,356.7,107.9,203.4,45.4,145.3,23.9,-18.2,211.7,170.9,40.8,229.8,192.2,37.6,501.8,231.7,153.7,77.9,270.1
1979Q2,2591.2,1557.6,722.2,222.1,500.1,835.5,539.3,511.9,364.3,112.8,204.2,47.2,147.6,27.4,-22.2,220.9,178.9,42,243.1,204.1,39,516.5,237.6,158.6,79,278.9
1979Q3,2667.6,1611.9,753.3,230.9,522.3,858.6,545.6,533.5,383,121.8,212.1,49.1,150.5,12.1,-23,234.3,191.3,43,257.3,216.8,40.5,533.1,243.7,162.7,81,289.4
1979Q4,2723.9,1655,768.4,229,539.4,886.6,547.9,539.3,391.3,128.3,212.5,50.6,148,8.6,-26.8,253.7,208,45.6,280.5,238.1,42.4,547.8,249.3,167.3,82,298.4
1980Q1,2789.8,1702.3,792,232.1,559.9,910.3,554.6,544.7,404.5,132.6,219.6,52.3,140.2,9.9,-35.8,268.5,222,46.5,304.3,259.7,44.7,568.8,261.1,175.2,85.9,307.7
1980Q2,2797.4,1704.7,777.8,211.9,565.9,926.9,519.3,511.5,394.7,132.3,209.1,53.3,116.9,7.8,-15.2,277.4,227.7,49.7,292.6,248.5,44.1,588.5,276.5,182,94.6,312
1980Q3,2856.5,1763.8,801.9,225.4,576.5,961.9,495.1,528.9,405.7,135.8,215.2,54.7,123.2,-33.9,5.5,284.7,232.5,52.2,279.2,234.1,45.1,592.2,276.1,183.8,92.3,316.1
1980Q4,2985.6,1831.9,827.5,236.2,591.3,1004.4,551.5,560.6,422.8,144.1,221.6,57.1,137.8,-9.1,-6.7,292.5,239.5,53,299.2,252,47.2,608.9,285.8,192.7,93.1,323.1
1981Q1,3124.2,1885.7,860.1,246,614,1025.6,619.4,580.6,443,150,232,61,137.6,38.8,-14.3,305.5,247.2,58.2,319.7,270.2,49.5,633.4,297.2,200.2,97.1,336.1
1981Q2,3162.5,1917.5,863.8,240.9,622.8,1053.7,609.8,598.1,462.9,161,238.3,63.5,135.3,11.7,-13.5,308.5,248.8,59.7,322,271.8,50.2,648.7,311.9,210.2,101.7,336.8
1981Q3,3260.6,1958.1,881.1,251.9,629.1,1077,652.3,608.3,482.1,169.7,246.6,65.8,126.2,44,-7.6,302.3,241.7,60.6,309.9,260.5,49.4,657.8,317.4,216.2,101.3,340.3
1981Q4,3280.8,1974.4,872.5,236.8,635.7,1101.9,643.4,618.6,503.8,188.5,246.5,68.7,114.8,24.8,-14.8,304.7,243.1,61.6,319.4,268.8,50.6,677.7,329.3,226.9,102.4,348.4
1982Q1,3274.3,2014.2,886.3,246.4,639.9,1127.9,588.3,609.8,500.1,186.6,242.8,70.6,109.7,-21.5,-16.3,293.2,232.3,60.9,309.5,257.6,51.9,688.1,334.9,232.6,102.3,353.2
1982Q2,3332,2039.6,887.9,249.2,638.7,1151.7,593.6,597.8,490.1,182.5,235.4,72.2,107.7,-4.2,-4.4,294.7,233.9,60.9,299.1,245.8,53.3,703.1,342.9,242.2,100.7,360.2
1982Q3,3366.3,2085.7,901.8,252.1,649.7,1183.8,593,587.2,478.7,172.9,232.3,73.5,108.4,5.8,-29.6,279.6,218.5,61.1,309.3,257.2,52.1,717.3,351.5,249.2,102.3,365.8
1982Q4,3402.6,2145.6,921.1,264.4,656.7,1224.5,549.2,589.1,471.5,168.3,228.9,74.4,117.5,-39.8,-29.6,265.3,205.5,59.8,294.9,241.5,53.4,737.4,364.1,257.6,106.5,373.3
1983Q1,3473.4,2184.6,925.9,268.9,657,1258.7,565.5,600.6,462.1,158.6,227.1,76.4,138.5,-35.1,-24.5,270.7,209.7,61,295.3,242.5,52.7,747.9,370.5,261.5,109,377.4
1983Q2,3578.8,2249.4,962.6,289.6,673,1286.8,613.8,621.5,466.5,149.5,237.6,79.4,155,-7.7,-45.4,272.5,209.1,63.4,317.9,262.8,55.2,761.1,380.3,268.6,111.8,380.7
1983Q3,3689.2,2319.9,990.8,302.4,688.4,1329.1,652.3,656.5,485.4,152.6,249.8,82.9,171.1,-4.2,-65.2,278.2,214.3,63.9,343.4,285.9,57.5,782.2,394.4,274.5,119.9,387.8
1983Q4,3794.7,2372.5,1015.8,319.3,696.5,1356.7,718.5,694.6,514.7,156.6,271.4,86.7,179.9,23.9,-71.4,286.6,223.1,63.5,358,299.6,58.4,775.1,384.2,283.6,100.6,390.9
1984Q1,3908.1,2418.2,1037.9,331.4,706.5,1380.3,790.9,717.9,531.5,165.7,275.6,90.1,186.4,73,-95,293,224.3,68.6,388,322.5,65.5,794,392.4,287.9,104.5,401.6
1984Q2,4009.6,2475.9,1063.6,341.3,722.4,1412.2,818.9,749.6,558.3,175.8,289,93.5,191.3,69.3,-104.3,302.2,230,72.2,406.5,337.9,68.6,819.1,408.3,293.9,114.4,410.8
1984Q3,4084.3,2513.5,1066.6,342.1,724.6,1446.9,838.9,767.5,576.6,182.5,297.3,96.8,190.9,71.3,-103.8,305.7,234.4,71.3,409.6,339.9,69.7,835.7,414,298.3,115.7,421.7
1984Q4,4148.6,2561.8,1086.6,353.8,732.8,1475.2,831.7,783.8,590.9,185.5,305.6,99.8,192.9,48,-107.8,308.6,236.4,72.2,416.4,345,71.3,862.8,432.5,314.9,117.6,430.2
1985Q1,4230.2,2636,1110.4,368,742.4,1525.6,809.9,793.6,599.4,194.9,302.6,101.9,194.2,16.2,-91.3,306,232.1,73.9,397.3,325.4,71.9,875.6,434.8,313.9,120.9,440.8
1985Q2,4294.9,2681.8,1126,373.3,752.8,1555.8,827,805.4,609.1,195.2,309.5,104.3,196.3,21.6,-114.4,304.1,228.7,75.4,418.6,344.4,74.1,900.5,447.3,323.7,123.6,453.2
1985Q3,4386.8,2754.1,1156.9,396.5,760.5,1597.2,822.2,805.9,604.4,192.2,306.1,106.1,201.4,16.3,-116.9,297.3,222.2,75.1,414.2,340.5,73.6,927.4,463.1,337.7,125.5,464.3
1985Q4,4444.1,2779.4,1157.1,383.8,773.3,1622.3,859.5,826.4,618.1,195.8,313.4,108.9,208.4,33.1,-133.4,305.4,226.9,78.5,438.9,362.8,76,938.6,466.4,342.7,123.7,472.1
1986Q1,4507.9,2823.6,1170.9,391.6,779.3,1652.8,863.5,833.1,613.5,191.7,310.8,111.1,219.5,30.4,-126,313.4,224.5,88.9,439.4,357.7,81.7,946.8,464,339.1,124.8,482.8
1986Q2,4545.3,2851.5,1174.7,407.3,767.5,1676.7,855.2,839.6,605,174.5,317.5,113,234.6,15.7,-128.9,315.1,227.9,87.3,444,365.1,78.9,967.5,477.8,350.8,127,489.7
1986Q3,4607.7,2917.2,1216.7,445.7,771,1700.5,835.8,842.9,602,169,318.6,114.3,240.9,-7,-139,320.5,229.8,90.7,459.4,374.8,84.7,993.6,495.1,364.3,130.8,498.5
1986Q4,4657.6,2952.8,1220.1,441.1,779,1732.7,842.1,854.8,610.6,170.9,323.9,115.8,244.3,-12.8,-133.6,335,243.6,91.4,468.6,382.5,86.2,996.4,489.8,355.3,134.5,506.6
1987Q1,4722.2,2983.5,1215.9,418.5,797.4,1767.6,871.2,843.2,596.6,166.9,312.6,117,246.7,28,-141.2,336.5,243,93.5,477.7,389.5,88.1,1008.7,492.1,361.5,130.7,516.5
1987Q2,4806.2,3053.3,1251.4,439.1,812.3,1801.9,874.6,858.1,608.4,169.6,320.2,118.6,249.7,16.5,-147,355.4,258.8,96.6,502.3,409.1,93.3,1025.2,501.2,371,130.2,524
1987Q3,4884.6,3117.4,1281.2,460.5,820.7,1836.2,876.5,875.4,625.5,177.6,327.1,120.8,250,1,-145.5,371.9,272.1,99.8,517.3,422.8,94.5,1036.2,504.1,377.8,126.3,532.1
1987Q4,5008,3150.9,1276.7,449.9,826.8,1874.2,946.5,883.4,630.6,182.7,323.8,124,252.8,63.1,-145.4,392.1,288.3,103.8,537.5,437.7,99.8,1056,513.7,379.3,134.4,542.3
1988Q1,5073.4,3231.9,1308.8,470.4,838.4,1923.1,908.6,891.6,641.5,178.6,335.6,127.3,250.1,17,-124,418.7,311.2,107.5,542.7,441.5,101.2,1056.9,505.8,378.4,127.3,551.1
1988Q2,5190,3291.7,1326.8,473.2,853.5,1965,934.5,914.9,659.4,184.2,344.8,130.4,255.5,19.6,-106.6,439.5,328.5,111,546.1,445.7,100.4,1070.4,506.9,379.8,127.1,563.5
1988Q3,5282.8,3361.9,1341.2,470.4,870.8,2020.7,942,923.8,666.3,183.5,349.1,133.7,257.5,18.2,-99.3,453.6,338.7,114.9,552.8,451.1,101.7,1078.2,507.4,379,128.4,570.8
1988Q4,5399.5,3434.5,1372.5,486.2,886.3,2062.1,962.7,943.6,681.9,184.9,357.7,139.3,261.7,19.1,-107.7,466.6,349.8,116.8,574.3,470.2,104.1,1109.9,525.6,391.1,134.5,584.3
1989Q1,5511.3,3490.2,1389,486.5,902.5,2101.2,1005.5,957.4,696.5,189.5,363.4,143.6,260.9,48.1,-101,485.2,360.5,124.7,586.2,482,104.2,1116.6,519.9,382.1,137.8,596.7
1989Q2,5612.5,3553.8,1421.1,493.3,927.7,2132.7,1001,964.8,709,189.6,371.6,147.8,255.8,36.3,-88.2,507.2,379.6,127.6,595.4,490.7,104.7,1145.8,534.3,391.5,142.8,611.5
1989Q3,5695.4,3609.4,1441.9,505.6,936.3,2167.5,996.5,986.6,731.1,197.7,381,152.3,255.5,9.8,-75.1,509.4,379,130.3,584.4,477.4,107,1164.6,541.4,397.2,144.2,623.2
1989Q4,5747.2,3653.7,1443.2,491.9,951.3,2210.5,995.8,979.3,727.4,198.1,372.6,156.7,251.9,16.6,-82.8,515.4,379.9,135.5,598.2,489,109.1,1180.5,540.8,394.1,146.7,639.7
1990Q1,5872.7,3737.9,1489.6,515.4,974.2,2248.4,1010.8,996.9,740.9,204.1,376.4,160.3,256,14,-88.5,538.2,396.2,142,626.8,510.4,116.4,1212.5,553.7,401.9,151.8,658.8
1990Q2,5960,3783.4,1479.3,498.4,980.9,2304.2,1014.7,981,734.1,204.6,365.7,163.8,246.9,33.7,-68.8,545.9,400.6,145.3,614.8,495.8,119,1230.7,563.9,405.7,158.2,666.8
1990Q3,6015.1,3846.7,1496.7,493.6,1003.1,2350,1000.8,978.9,744.4,205.5,373.6,165.3,234.5,21.9,-75,555.1,406.3,148.8,630.1,506.3,123.8,1242.6,562.2,402.2,160,680.3
1990Q4,6004.7,3867.9,1499.7,480.9,1018.8,2368.2,947.5,958.8,737.5,197.4,371.8,168.3,221.3,-11.3,-79.1,568.2,409.9,158.3,647.3,519.8,127.5,1268.5,569.7,410.2,159.4,698.8
1991Q1,6035.2,3873.6,1485.8,471.7,1014.2,2387.7,924.6,940.1,729.8,194.9,361.3,173.6,210.3,-15.5,-47.1,573.2,420.7,152.5,620.3,497,123.4,1284.2,581.4,417.9,163.5,702.8
1991Q2,6126.9,3926.9,1497,475.2,1021.8,2429.9,926.5,944.6,726.8,189.9,358.2,178.7,217.8,-18,-23.2,590.7,427.1,163.6,613.9,491,122.9,1296.6,586.6,418.7,167.9,709.9
1991Q3,6205.9,3973.3,1508.7,484.3,1024.4,2464.5,947.5,946.6,720.2,177.5,362.6,180.1,226.5,0.8,-21.1,600.6,431.6,169,621.7,500.4,121.2,1306.3,586.3,416.1,170.2,719.9
1991Q4,6264.5,4000,1498.2,477.5,1020.7,2501.9,978.8,947.7,717.6,172.2,361.4,184.1,230.1,31.1,-23.1,615.2,441.2,174.1,638.3,514.5,123.8,1308.8,577.4,403.4,174,731.4
1992Q1,6363.1,4100.4,1533.8,496.2,1037.7,2566.6,956.8,956.6,714.2,169.9,360.1,184.2,242.4,0.2,-20.5,625.3,449.7,175.6,645.8,523.5,122.4,1326.4,580.3,402.5,177.9,746.1
1992Q2,6470.8,4155.7,1548.2,501,1047.2,2607.5,1013.1,989.9,736.7,170.6,379.5,186.5,253.2,23.2,-32.8,626.2,448.8,177.4,659,537.9,121.1,1334.8,580.9,401.7,179.2,753.9
1992Q3,6566.6,4227,1573.1,512.1,1061,2653.8,1024.2,1003.7,748.5,173,387.6,187.9,255.1,20.5,-38.5,639.4,460.6,178.8,677.9,553.9,124,1354,594.2,412.4,181.8,759.8
1992Q4,6680.8,4307.2,1597.9,523.1,1074.8,2709.3,1058,1036.6,768.3,176.7,399.6,192.1,268.3,21.3,-47.1,641.4,462.2,179.2,688.5,564.5,124,1362.8,598.4,409.4,189,764.4
1993Q1,6729.5,4349.5,1607,527.9,1079.1,2742.5,1083.8,1047.9,776.5,175.6,406.6,194.3,271.4,35.9,-55.7,643.6,460.4,183.2,699.3,575.9,123.4,1351.8,580.3,393.2,187.1,771.5
1993Q2,6808.9,4418.6,1634.2,547.8,1086.3,2784.4,1094.5,1070.4,792.4,174.1,421.5,196.7,278,24.1,-63.2,653.1,466.9,186.2,716.3,590.1,126.1,1359.1,576.7,389.2,187.6,782.3
1993Q3,6882.1,4487.2,1649.2,556.6,1092.5,2838,1095.9,1089.3,798.3,176,425,197.4,290.9,6.6,-68.4,650.9,462.6,188.3,719.3,592.1,127.1,1367.4,578.7,389.6,189.1,788.7
1993Q4,7013.7,4552.7,1679.1,573.8,1105.3,2873.6,1153.1,1136.5,829.6,182.9,447.4,199.3,306.9,16.6,-73.4,671.6,481.1,190.5,745,612.9,132.1,1381.4,584.9,394.6,190.3,796.5
1994Q1,7115.7,4621.2,1705.7,588.8,1116.8,2915.6,1201.7,1156.3,840.7,178.5,461.8,200.4,315.6,45.4,-80.6,681.2,484.1,197.1,761.8,627.2,134.6,1373.4,567,376.4,190.6,806.3
1994Q2,7246.9,4683.2,1726.8,598.7,1128.1,2956.3,1264.9,1183.5,855.6,187.1,465.4,203.1,327.9,81.4,-90.6,707,505.3,201.7,797.6,662,135.5,1389.4,569.4,379.9,189.4,820
1994Q3,7331.1,4752.8,1758.9,609.3,1149.6,2993.9,1251.7,1198.5,872.1,188.1,476.5,207.6,326.4,53.2,-96.9,736.9,533.8,203.1,833.8,695.7,138.1,1423.4,586.5,394.3,192.2,836.9
1994Q4,7455.3,4826.7,1794.8,631.8,1163,3031.9,1307.6,1232.4,907,193.4,501.9,211.8,325.4,75.1,-101.9,758.6,550.3,208.3,860.6,722.3,138.2,1422.9,575.8,377.8,198,847.1
1995Q1,7522.3,4862.4,1788.1,621.3,1166.9,3074.3,1327.6,1266.4,944.6,201.2,525.3,218.2,321.8,61.2,-105.3,781.6,571.6,210,886.9,745.5,141.4,1437.6,579.1,380.1,199,858.5
1995Q2,7581,4933.6,1803.9,626.9,1177,3129.7,1304,1270.2,956.8,207.4,525.4,224,313.5,33.8,-109.5,798.9,583.2,215.7,908.3,764.3,144.1,1452.9,581,381.9,199.1,871.9
1995Q3,7683.1,4998.7,1826.2,642.5,1183.7,3172.4,1303.2,1291.9,965.5,210.3,524.8,230.4,326.4,11.3,-74.4,831.4,605.8,225.6,905.8,759.7,146.1,1455.7,579.3,378.2,201.1,876.3
1995Q4,7772.6,5055.7,1843.9,652.2,1191.7,3211.8,1335.1,1316.7,982.1,210.2,537,234.8,334.6,18.4,-69.8,839.4,609.3,230.2,909.2,760.4,148.8,1451.6,567.3,368.4,198.9,884.3
1996Q1,7868.5,5130.6,1871,659.8,1211.2,3259.6,1355.4,1348.5,1003.7,214.3,546,243.4,344.7,6.9,-88.8,847.9,617.1,230.8,936.7,784.5,152.2,1471.3,579.8,378.6,201.3,891.5
1996Q2,8032.8,5220.5,1915.9,676.3,1239.5,3304.6,1418.4,1387.9,1026.5,219.8,556.9,249.8,361.4,30.5,-93.7,859,621.2,237.9,952.8,798.4,154.4,1487.7,582.1,380.8,201.3,905.5
1996Q3,8131.4,5274.5,1925.9,679.4,1246.5,3348.6,1474.4,1423.3,1059,225.3,577,256.7,364.3,51.1,-114.2,859.6,626.5,233.1,973.8,814.4,159.3,1496.7,577.8,376.1,201.6,919
1996Q4,8259.8,5352.8,1957.9,689.6,1268.3,3394.8,1480.1,1445.4,1083.6,238.9,581.4,263.3,361.8,34.7,-88.8,903.8,650.3,253.5,992.6,832.5,160.2,1515.7,576.9,373.6,203.4,938.8
1997Q1,8362.7,5433.1,1986.6,705.6,1281,3446.5,1522.4,1472.7,1107.3,242.7,587.5,277.1,365.4,49.7,-108.8,918.4,668.9,249.5,1027.2,861.5,165.8,1516,570.7,362.8,207.9,945.3
1997Q2,8518.8,5471.3,1974.3,696.6,1277.7,3497,1590.2,1501.8,1129.6,242.6,602.3,284.6,372.3,88.4,-85.2,954.5,701,253.5,1039.7,872,167.7,1542.5,587.2,375.8,211.4,955.4
1997Q3,8662.8,5579.2,2020.1,722.8,1297.3,3559.1,1625.3,1557.3,1178.4,255.7,630.5,292.2,379,67.9,-96.8,974.1,717.5,256.5,1070.9,898.4,172.5,1555.2,586,372.3,213.7,969.2
1997Q4,8765.9,5663.6,2045,737.2,1307.8,3618.6,1644.5,1566.9,1181.1,260.1,623.1,297.9,385.8,77.7,-117,968.3,712.2,256.2,1085.3,910.8,174.5,1574.8,589.2,377,212.2,985.6
1998Q1,8866.5,5721.3,2044.4,737.7,1306.7,3677,1712.3,1607.2,1212.4,261.7,645.8,304.9,394.8,105.1,-135.2,963,708.2,254.9,1098.2,920.8,177.4,1568,572.2,356.6,215.5,995.9
1998Q2,8969.7,5832.6,2089.2,769.2,1319.9,3743.4,1695.8,1658.4,1247.1,278.9,655.9,312.3,411.3,37.3,-162.3,947.3,683.7,263.6,1109.6,926.9,182.8,1603.7,587.1,369.3,217.7,1016.6
1998Q3,9121.1,5926.8,2119.9,785,1334.8,3807,1741.6,1689.2,1261.7,280.8,658.4,322.4,427.6,52.4,-174.6,935.3,676.6,258.7,1109.9,922.5,187.4,1627.3,588.6,376.6,212,1038.6
1998Q4,9294,6028.2,2180.3,825.2,1355.2,3847.9,1797,1736.9,1295.4,282.6,680,332.9,441.5,60,-178.7,966.3,701.8,264.5,1145,952.8,192.2,1647.5,594.2,372.4,221.8,1053.2
1999Q1,9411.7,6102,2204.9,819.9,1384.9,3897.1,1853.1,1769.7,1322.3,284,695.1,343.2,447.4,83.4,-212.6,960.8,687.9,272.8,1173.3,978.9,194.4,1669.1,595.1,372.2,222.9,1074
1999Q2,9526.2,6230.6,2273.1,854.8,1418.3,3957.6,1848.3,1813.2,1354,283.1,712.1,358.8,459.3,35.1,-247.5,974.6,697.3,277.3,1222.1,1024,198.1,1694.8,599.2,374.9,224.3,1095.5
1999Q3,9686.6,6335.3,2311.3,871.2,1440.1,4024,1893.7,1853.2,1386.6,285.1,728.1,373.4,466.6,40.5,-276.4,1005.3,717.9,287.4,1281.7,1077.3,204.4,1734,614.2,386.6,227.6,1119.8
1999Q4,9900.2,6467,2359,876.3,1482.7,4108,1953.1,1868.9,1395,290.7,719.1,385.2,473.8,84.2,-301.7,1031,743.7,287.3,1332.7,1124.6,208.1,1781.7,634.3,399.3,235,1147.4
2000Q1,10002.2,6618.2,2413.1,920.9,1492.2,4205.1,1950.7,1934.5,1450.3,300.6,749.4,400.3,484.2,16.2,-356.6,1052.9,761.3,291.6,1409.5,1193.6,215.8,1789.9,619.4,383,236.3,1170.5
2000Q2,10247.7,6711.9,2437.1,901.9,1535.1,4274.9,2075.8,1985.3,1498.7,316.2,774,408.6,486.6,90.4,-362.5,1093.4,789.1,304.3,1455.9,1232.3,223.6,1822.5,641.2,399.6,241.6,1181.3
2000Q3,10318.2,6820,2469.2,911.7,1557.5,4350.8,2060,2002.7,1519.7,330.9,774,414.7,483.1,57.2,-393.9,1125,820.7,304.3,1518.9,1285.1,233.8,1832.1,633.6,391,242.5,1198.5
2000Q4,10435.7,6918.6,2493.4,915.8,1577.6,4425.2,2067.2,2012.9,1525.1,336.3,767,421.8,487.8,54.3,-411.3,1113.2,809.1,304.1,1524.5,1293.7,230.8,1861.3,638.2,396.6,241.5,1223.1
2001Q1,10470.2,6995.3,2499.2,926.8,1572.4,4496.1,1971.3,2002,1505.2,331.8,751.7,421.8,496.7,-30.6,-402.7,1096.8,796.3,300.5,1499.5,1265.8,233.6,1906.3,653.3,404.5,248.8,1253
2001Q2,10599,7042.3,2510.1,919.5,1590.6,4532.1,1973,1984.6,1473.6,338.9,716,418.7,511,-11.6,-364,1058,759.6,298.4,1422,1188.6,233.4,1947.7,666.2,410,256.2,1281.5
2001Q3,10598,7070.3,2515.2,923.9,1591.4,4555.1,1944.9,1975,1452.6,347.1,692.4,413.1,522.4,-30.1,-370.6,998.9,713.1,285.8,1369.5,1144.4,225.1,1953.4,674.4,415.4,259,1279
2001Q4,10660.5,7187.3,2577.8,995.9,1581.9,4609.5,1850.1,1930.9,1408.9,316.3,686,406.6,522.1,-80.8,-369.7,953.5,689.3,264.3,1323.2,1105.9,217.3,1992.7,686.9,422.8,264.1,1305.9
2002Q1,10783.5,7217.7,2561.9,976.2,1585.6,4655.8,1912.7,1912.4,1374,302.7,667.3,404.1,538.3,0.3,-386.9,969.2,685.5,283.6,1356,1121.6,234.5,2040,714,440.9,273.1,1326
2002Q2,10887.5,7308,2586.9,977.4,1609.5,4721,1933.3,1912.1,1357.3,289.3,661.9,406,554.8,21.2,-428.3,1004.2,712.1,292.1,1432.4,1197.4,235,2074.5,734.8,452.5,282.3,1339.7
2002Q3,10984,7397.1,2618.4,1001.7,1616.7,4778.7,1933.2,1907.8,1348.9,278.2,661.3,409.3,558.9,25.4,-447.5,1015.6,722.4,293.2,1463.1,1226.4,236.7,2101.3,748.4,460.2,288.2,1352.9
2002Q4,11061.4,7473,2628,986.1,1641.9,4845,1942.5,1909.5,1331.2,277.7,648,405.5,578.3,33,-496.3,1003,706.3,296.7,1499.3,1250.1,249.3,2142.2,775.2,482.2,293.1,1367
2003Q1,11174.1,7567.2,2657.3,974.5,1682.8,4909.8,1960.2,1934.1,1332.7,279.2,644.3,409.2,601.4,26.1,-525.3,1004.2,715.9,288.3,1529.5,1279.7,249.7,2172,792.7,495,297.7,1379.3
2003Q2,11312.8,7661.5,2677.9,1007.8,1670.1,4983.6,1972.4,1978.9,1366.8,286.9,665.2,414.7,612,-6.5,-519.9,1007.5,716.6,290.8,1527.3,1281.9,245.4,2198.8,826,521.9,304,1372.8
2003Q3,11566.7,7820.9,2766.2,1041.8,1724.5,5054.7,2044.3,2043.9,1392.1,287.9,680.7,423.5,651.7,0.4,-519,1037.3,731.8,305.5,1556.3,1293,263.3,2220.4,833.3,524,309.2,1387.2
2003Q4,11772.2,7913.5,2788.9,1047.1,1741.8,5124.5,2131.3,2095,1411.9,292.4,692.3,427.2,683.1,36.3,-523.7,1091.7,771.1,320.5,1615.4,1341.5,273.9,2251.2,855.1,544,311.2,1396
2004Q1,11923.4,8048.8,2843.2,1064.2,1779,5205.5,2154.1,2108,1401.8,292.3,681.8,427.7,706.2,46,-566,1133.7,797,336.7,1699.6,1414.5,285.1,2286.6,871.8,556.1,315.7,1414.8
2004Q2,12112.8,8147.1,2869,1066,1803,5278.1,2262.6,2188.6,1445.5,300.8,713.5,431.2,743.2,74,-617.6,1170.2,822.1,348,1787.7,1496,291.7,2320.7,884.6,562.8,321.7,1436.1
2004Q3,12305.3,8283.3,2911.3,1085,1826.3,5372,2318.3,2254.1,1490.5,314,734.2,442.3,763.6,64.2,-652.7,1180.2,834.9,345.3,1832.9,1533.1,299.8,2356.4,902.5,580.7,321.8,1453.9
2004Q4,12527.2,8448.6,2984.5,1107.1,1877.5,5464.1,2390.1,2318,1531.7,323.6,758.1,450.1,786.3,72.1,-700.3,1221.4,857.9,363.5,1921.8,1610.9,310.9,2388.8,909.6,579.8,329.8,1479.2
2005Q1,12767.3,8551.7,3001.9,1110,1892,5549.8,2486.1,2383.6,1568.3,337.5,768.6,462.2,815.3,102.5,-696.7,1258.4,883.7,374.7,1955.1,1642.4,312.7,2426.1,931.8,598.4,333.4,1494.3
2005Q2,12922.7,8701.1,3057.4,1137.9,1919.5,5643.7,2476.5,2447.6,1603.8,345,786.9,472,843.8,28.8,-707.2,1294.9,917.3,377.6,2002.1,1687.5,314.6,2452.2,939.3,606,333.3,1513
2005Q3,13142.6,8868.1,3137.8,1151.8,1986,5730.2,2531.1,2518.7,1643.1,355.8,808.3,479.1,875.6,12.4,-751,1302.3,921.4,380.9,2053.3,1733.1,320.2,2494.4,956.4,616.4,340,1538
2005Q4,13324.2,8955.3,3134.5,1114.7,2019.7,5820.8,2645.3,2558.9,1668.7,373.6,815.8,479.3,890.2,86.4,-804.8,1350.7,955,395.8,2155.5,1828.1,327.4,2528.4,963.7,617,346.7,1564.8
2006Q1,13599.2,9100.2,3196.8,1154.1,2042.7,5903.3,2709.7,2631.5,1735.3,397.6,850.2,487.6,896.2,78.2,-790.8,1414,1002.8,411.2,2204.8,1857.7,347.1,2580.1,997.1,635.7,361.3,1583
2006Q2,13753.4,9227.6,3226.1,1149.2,2076.8,6001.6,2709.3,2633.7,1774.4,420.1,857.6,496.7,859.3,75.5,-794,1459.8,1034.4,425.3,2253.8,1899.9,353.9,2610.6,997.2,640,357.2,1613.4
2006Q3,13870.2,9353.8,3273.4,1160.5,2112.9,6080.3,2709.4,2630.7,1815.9,435.8,867.4,512.7,814.7,78.8,-823.3,1475.4,1051.9,423.5,2298.7,1944,354.7,2630.3,995.4,632.4,363.1,1634.8
2006Q4,14039.6,9427.4,3262.2,1169.4,2092.8,6165.1,2675.4,2631.9,1849.5,447.2,873.9,528.4,782.4,43.5,-737.7,1531.5,1083.2,448.3,2269.2,1900.9,368.3,2674.5,1015.1,655.2,359.9,1659.4
2007Q1,14215.7,9572.1,3308.1,1179,2129.1,6264,2664.3,2642.9,1892,469.6,886.3,536.2,750.9,21.4,-739.3,1578,1105.5,472.5,2317.3,1938.2,379.1,2718.5,1017.5,654.6,362.9,1700.9
2007Q2,14402.1,9678.7,3351.8,1185.7,2166.1,6326.9,2699.2,2657,1937.7,498.1,897.8,541.8,719.3,42.2,-745.8,1622.8,1136.4,486.3,2368.6,1980.2,388.4,2770,1042.5,674.1,368.4,1727.5
2007Q3,14564.1,9798.4,3380,1191.9,2188.2,6418.4,2686,2641,1967.4,526.7,896,544.7,673.7,44.9,-729,1685.7,1176,509.7,2414.7,2015.1,399.6,2808.7,1058.8,684.4,374.4,1749.9
2007Q4,14715.1,9937.1,3428.2,1195.6,2232.6,6509,2642.6,2615.3,1997.1,546.8,893.6,556.7,618.2,27.3,-729.7,1750.7,1221,529.7,2480.4,2077.5,402.9,2865.1,1085.3,703.9,381.3,1779.8
2008Q1,14706.5,10004.4,3406.4,1153.5,2252.9,6598.1,2563.7,2580.4,2013.7,556.9,885.4,571.4,566.7,-16.7,-771.2,1813.3,1273.7,539.6,2584.6,2165.5,419.1,2909.6,1111.2,721.2,390,1798.5
2008Q2,14865.7,10129.9,3443.5,1137.7,2305.8,6686.3,2540.6,2562.8,2024,571.9,871.8,580.3,538.8,-22.3,-776.4,1905.3,1351.5,553.8,2681.7,2258.7,423,2971.6,1146.6,742.2,404.4,1825
2008Q3,14899,10159.1,3427.9,1095.8,2332.1,6731.2,2498.2,2514.1,2007,578.8,852.1,576.1,507.1,-15.8,-787.4,1922.2,1371.2,551.1,2709.6,2274.7,434.9,3029,1170.2,766.3,404,1858.8
2008Q4,14608.2,9906.9,3175.1,1008,2167.1,6731.9,2307.9,2370.1,1918.7,576.8,772.2,569.8,451.4,-62.2,-628.5,1700.3,1167.7,532.6,2328.8,1895.8,433,3021.8,1179.8,771.6,408.2,1842
2009Q1,14430.9,9815,3120,1004.5,2115.5,6694.9,2014.9,2165.9,1761.4,527.7,683.5,550.1,404.5,-151,-421,1511.8,1004.7,507.1,1932.8,1523,409.8,3022,1185.2,765.4,419.8,1836.8
2009Q2,14381.2,9805.5,3134.5,994.7,2139.8,6671,1863.7,2059.7,1685,473.1,652.2,559.7,374.7,-196,-358.4,1521.1,1004.5,516.6,1879.5,1473.6,405.8,3070.5,1213.5,782.9,430.6,1857
2009Q3,14448.9,9939.4,3228.5,1035.1,2193.4,6710.9,1841.4,2045.4,1656,429.5,662,564.5,389.4,-204,-424,1594.7,1067.1,527.6,2018.7,1606.6,412.2,3092.1,1228.3,792.8,435.5,1863.8
2009Q4,14651.2,10005,3237.1,1014.2,2222.9,6767.9,1998.7,2050.8,1659.3,392.9,683.3,583.1,391.5,-52.1,-473.3,1703.5,1153.3,550.2,2176.8,1749.3,427.5,3120.8,1256.2,809.1,447.1,1864.6
2010Q1,14764.6,10101.8,3266.2,1021.1,2245.1,6835.7,2038.2,2039.4,1660,368.8,719.8,571.4,379.4,-1.2,-509.2,1759.9,1200.2,559.7,2269.1,1838,431,3133.8,1278.4,817.5,460.9,1855.5
2010Q2,14980.2,10208.1,3291.2,1043.9,2247.3,6916.9,2148.8,2112.1,1715.7,382.1,763.7,570,396.3,36.7,-542.5,1819.7,1250.4,569.3,2362.3,1925.8,436.5,3165.8,1305.1,828,477,1860.7
2010Q3,15141.6,10300.8,3315.1,1052.4,2262.7,6985.6,2236.5,2123.6,1762.4,379.1,804.5,578.8,361.2,112.9,-553.9,1877.3,1283,594.2,2431.2,1982.3,448.9,3158.3,1304.3,828.9,475.4,1854
2010Q4,15309.5,10430.3,3398.8,1078.4,2320.4,7031.5,2238.4,2171.1,1801.9,389.2,820.1,592.5,369.3,67.3,-523.6,1972.1,1358,614.1,2495.7,2042.1,453.6,3164.3,1312.9,837.4,475.4,1851.4
2011Q1,15351.4,10558.2,3469,1087.9,2381.1,7089.2,2206,2173.9,1805.1,362.2,839.8,603.1,368.8,32.1,-568.5,2040.4,1415.2,625.2,2608.9,2159.8,449,3155.8,1306,831.6,474.4,1849.8
2011Q2,15557.5,10673,3514.5,1082.9,2431.6,7158.6,2297.4,2236.3,1862,392.7,854.3,615.1,374.3,61,-581.1,2116.1,1468.8,647.3,2697.2,2231.5,465.7,3168.3,1312.7,843,469.7,1855.5
2011Q3,15647.7,10755,3527.8,1090.8,2437,7227.3,2322.8,2334.9,1953.8,421.2,904.5,628.1,381.1,-12,-567.1,2156.8,1489.6,667.2,2723.9,2249.9,474,3136.9,1288.7,835,453.7,1848.3
2011Q4,15842.3,10809.2,3561.2,1112.4,2448.8,7248,2504.1,2400.1,2009,441.8,926.5,640.7,391.2,104,-601.8,2150.1,1500.2,649.9,2751.9,2283.3,468.7,3130.8,1291.7,826.3,465.4,1839.1
2012Q1,16068.8,10959.3,3628.7,1138.1,2490.6,7330.6,2567.8,2487.5,2073.4,470.1,957.8,645.4,414.1,80.3,-602.3,2190,1515.4,674.6,2792.3,2319.5,472.8,3144,1296.1,824.1,472,1847.9
2012Q2,16207.1,11005.1,3616.4,1133.6,2482.8,7388.7,2636.9,2545.5,2126.2,488.1,984.4,653.7,419.3,91.4,-565.2,2215.6,1533.4,682.1,2780.8,2304.2,476.6,3130.5,1288.6,816,472.6,1841.8
2012Q3,16319.5,11059.4,3631.8,1141.7,2490.1,7427.6,2644.1,2559.7,2126,484.7,984.3,657,433.7,84.4,-523.1,2227.7,1541.4,686.4,2750.8,2273.1,477.7,3139.1,1293.8,820.2,473.6,1845.3
2012Q4,16420.4,11165.7,3674.1,1163.6,2510.5,7491.6,2638.3,2609.5,2148.6,474.9,1007.1,666.6,460.9,28.7,-515.9,2237.5,1528.2,709.3,2753.4,2276.2,477.2,3132.3,1269.5,796.4,473.1,1862.7
2013Q1,16629.1,11265.6,3731.6,1188.8,2542.8,7534,2738.2,2656,2170.9,463,1022.8,685.1,485.1,82.3,-500.2,2255.1,1541.1,713.9,2755.3,2289.2,466.1,3125.4,1240.5,775.3,465.1,1884.9
2013Q2,16699.6,11291,3699.3,1185.5,2513.9,7591.6,2775.3,2687.5,2180.3,480,1018,682.3,507.2,87.8,-499.3,2260.4,1547.7,712.8,2759.8,2290.1,469.6,3132.6,1232.9,770.9,462,1899.8
2013Q3,16911.1,11379.2,3730.4,1188.9,2541.4,7648.8,2880,2743.8,2220.7,507.5,1016.5,696.7,523.1,136.2,-483,2284.2,1556.7,727.6,2767.2,2295.6,471.6,3134.8,1219,757,462,1915.8
2013Q4,17133.1,11518.4,3758.6,1194.5,2564.1,7759.8,2910.5,2798.7,2274,519.5,1050.9,703.6,524.6,111.9,-435.1,2348.2,1610,738.2,2783.3,2300.7,482.6,3139.3,1216.3,753.6,462.6,1923
2014Q1,17144.3,11618.1,3789.5,1203.5,2586,7828.6,2899.2,2847,2314.9,546.7,1058.2,710,532.1,52.3,-511.3,2342.4,1593.8,748.6,2853.7,2360.8,492.9,3138.2,1211.8,744.3,467.5,1926.4
2014Q2,17462.7,11784.7,3862.9,1239.4,2623.5,7921.7,3030.4,2934,2383.6,574.7,1085.2,723.6,550.4,96.4,-506.5,2394.1,1630.2,763.9,2900.6,2405.7,494.9,3154.1,1210,741.8,468.2,1944.1
2014Q3,17743.2,11934.3,3897.9,1255.6,2642.3,8036.4,3107.6,3008.2,2439.8,586,1117,736.7,568.4,99.4,-490.5,2398.1,1635.8,762.3,2888.5,2392.7,495.8,3191.8,1229.3,754.1,475.2,1962.5
2014Q4,17852.5,12053.8,3901.5,1269.7,2631.7,8152.4,3139.5,3051.7,2462,603,1107.4,751.6,589.7,87.8,-531.9,2375.1,1608.1,767,2907,2398.1,508.9,3191.2,1212.9,733.5,479.4,1978.3
2015Q1,17991.3,12083.9,3867.9,1283.8,2584.1,8216,3245.1,3069.4,2464.3,596.9,1115.6,751.7,605.1,175.6,-526.9,2297.4,1523.9,773.5,2824.4,2329,495.3,3189.3,1216,730.3,485.7,1973.3
2015Q2,18193.7,12224.7,3927.4,1309.6,2617.7,8297.4,3245.8,3095.8,2472.5,599,1117.4,756.1,623.3,150,-508.8,2298.7,1526.7,772,2807.5,2306.6,500.9,3232,1220.6,732.1,488.5,2011.4
2015Q3,18307,12347.8,3960.4,1318.5,2641.9,8387.3,3251.7,3124.9,2479.2,582.7,1130.9,765.6,645.7,126.8,-543,2258.4,1487.6,770.7,2801.4,2293.6,507.8,3250.6,1221.2,725.9,495.3,2029.4
2015Q4,18332.1,12397.5,3936.3,1318.5,2617.8,8461.3,3206.1,3111.4,2450.3,558.9,1113.9,777.4,661.1,94.7,-526.1,2220.1,1448.5,771.5,2746.1,2229.1,517,3254.5,1229.3,730.8,498.6,2025.2
2016Q1,18425.3,12495.1,3934.4,1328.7,2605.7,8560.6,3174.4,3119.9,2435.5,536,1104.3,795.2,684.4,54.5,-514.4,2179.2,1414.3,765,2693.6,2179.8,513.8,3270.2,1229.3,727.3,502,2040.9
2016Q2,18611.6,12637.4,3984.7,1335.9,2648.8,8652.7,3178.5,3148.2,2454.1,550.1,1087,816.9,694.1,30.3,-491.7,2218.9,1434,785,2710.6,2193.6,517,3287.4,1225.8,720.2,505.6,2061.6
2016Q3,18775.5,12759.1,4008.4,1354.7,2653.7,8750.7,3185.7,3182.3,2481.6,571.6,1080,830,700.7,3.4,-485.1,2265.4,1466.7,798.7,2750.5,2224.6,525.9,3315.8,1238.1,731.2,506.9,2077.7
2016Q4,18968,12881.6,4039.9,1361.5,2678.5,8841.6,3281.5,3224.7,2506.2,583.7,1079.7,842.8,718.6,56.8,-533.8,2264.9,1475.4,789.5,2798.7,2276.7,522,3338.8,1244.8,733,511.8,2094
2017Q1,19153.9,13046.4,4095.4,1370.7,2724.7,8951,3283.5,3288.1,2545.4,599.4,1089,857,742.7,-4.6,-533.3,2334.4,1517.1,817.3,2867.7,2329.9,537.9,3357.3,1242.5,729.6,512.9,2114.8
2017Q2,19322.9,13144.4,4115.8,1377,2738.8,9028.6,3357.4,3336.4,2579.7,605,1110.1,864.7,756.7,21,-557.1,2346.2,1514.8,831.4,2903.3,2348.8,554.5,3378.2,1257.6,746.5,511.2,2120.6
2017Q3,19558.7,13268.1,4159.9,1397.7,2762.1,9108.3,3413.3,3354.2,2592.7,593.2,1118.3,881.2,761.5,59.1,-523.5,2383.1,1540.2,842.9,2906.6,2341.1,565.5,3400.8,1263.3,747.4,515.9,2137.5
2017Q4,19883,13497.5,4263.1,1441.1,2822,9234.3,3471.4,3429,2648.6,599.6,1152,897,780.4,42.4,-545.8,2471.3,1614.5,856.8,3017.1,2459.8,557.4,3459.9,1287.7,762.4,525.3,2172.2
2018Q1,20143.7,13667.4,4298.4,1449.4,2849.1,9369,3550.8,3505,2716,627.2,1166.4,922.3,789,45.9,-580.1,2504.4,1636.4,868,3084.5,2528.4,556.1,3505.5,1305.8,767.4,538.4,2199.7
2018Q2,20492.5,13864.8,4354.4,1471.3,2883.2,9510.3,3603.2,3579,2770.1,641.6,1175.7,952.7,808.9,24.2,-539.8,2568.3,1706.1,862.2,3108.1,2539.6,568.5,3564.3,1331.7,788.1,543.7,2232.6
2018Q3,20659.1,14002.6,4373.2,1478.2,2895,9629.4,3679.6,3602.5,2798.1,638.2,1195.7,964.2,804.3,77.1,-624,2534.2,1670.4,863.8,3158.2,2586.6,571.6,3600.9,1350.8,799.4,551.4,2250.1
2018Q4,20813.3,14119.3,4388.8,1477.8,2911,9730.5,3717.5,3629.9,2838.1,626.1,1224.2,987.7,791.8,87.7,-640.9,2527.1,1664.3,862.8,3168.1,2581.6,586.4,3617.4,1367.7,816.2,551.4,2249.7
2019Q1,21001.6,14155.6,4382.8,1473.3,2909.5,9772.7,3801.9,3683.4,2886.9,639.9,1240.2,1006.7,796.5,118.5,-606.4,2524.6,1659.2,865.5,3131,2544.3,586.8,3650.5,1387,829.3,557.6,2263.5
2019Q2,21289.3,14375.7,4479.4,1509.2,2970.1,9896.3,3843,3754.5,2946.1,669.4,1247.4,1029.3,808.5,88.4,-632.3,2533.4,1648.4,885.1,3165.7,2563.2,602.5,3702.9,1406.9,840.4,566.6,2296
2019Q3,21505,14529.5,4512.7,1531.4,2981.3,10016.8,3858.2,3791.2,2969.3,696,1227.4,1046,821.9,67,-614,2512.1,1634.8,877.4,3126.1,2522.4,603.7,3731.3,1424.1,852.5,571.7,2307.2
2019Q4,21694.5,14653.9,4540.8,1539.2,3001.6,10113.2,3801.9,3781.4,2952.6,685.3,1210.3,1057,828.8,20.6,-532.4,2508.7,1624.6,884.1,3041.1,2441.8,599.3,3771,1441.7,868,573.7,2329.2
2020Q1,21481.4,14439.1,4530.9,1484.9,3046,9908.2,3752.4,3773,2900.1,687.1,1141.9,1071.1,872.9,-20.6,-541.7,2385.5,1586.2,799.3,2927.3,2385.1,542.2,3831.6,1454.7,868.3,586.4,2376.9
2020Q2,19477.4,12989.7,4349.9,1468.3,2881.7,8639.8,3167,3456.9,2659.1,585.9,1020.6,1052.6,797.8,-289.9,-538.9,1807.9,1146.3,661.5,2346.7,1942.1,404.6,3859.6,1525,872.4,652.6,2334.6
2020Q3,21138.6,14293.8,4867.2,1753.3,3113.9,9426.6,3708.8,3693.8,2776.6,563.5,1135.5,1077.6,917.2,15,-725.7,2079.6,1413,666.6,2805.3,2368.8,436.5,3861.7,1515.1,883.9,631.3,2346.5
2020Q4,21477.6,14467.6,4867.3,1759.2,3108.1,9600.4,3923.2,3865.9,2862.7,552.3,1197.5,1112.9,1003.2,57.3,-798.4,2220.7,1520.8,699.9,3019.1,2540.8,478.3,3885.3,1512.3,900.8,611.5,2373
2021Q1,22038.2,15005.4,5245,1957.8,3287.2,9760.4,3928,4022.2,2956.7,565,1244.5,1147.2,1065.5,-94.2,-872.5,2311.9,1607.5,704.4,3184.5,2698.1,486.4,3977.3,1568.6,897.1,671.6,2408.7
2021Q2,22741,15681.7,5529.8,2092.2,3437.6,10151.9,3925.1,4099.4,3029.2,572.8,1270.4,1186,1070.2,-174.3,-881.7,2461.5,1726.8,734.8,3343.2,2819,524.2,4015.9,1563.3,904.1,659.2,2452.6
<<<<<<< HEAD
2021Q3,23202.3,15964.9,5500.1,1995.2,3505,10464.8,4099.6,4159.8,3073.9,581.9,1277.2,1214.9,1085.9,-60.2,-947,2485.2,1750.7,734.6,3432.3,2857.4,574.8,4084.9,1562,910.9,651.1,2522.9
=======
2021Q3,23202.3,15964.9,5500.1,1995.2,3505,10464.8,4099.6,4159.8,3073.9,581.9,1277.2,1214.9,1085.9,-60.2,-947,2485.2,1750.7,734.6,3432.3,2857.4,574.8,4084.9,1562,910.9,651.1,2522.9
>>>>>>> 13da8278ca5dff34484f3aefded69aa10953675d
